<?xml version="1.0" encoding="UTF-8" standalone="yes"?>
<addon id="plugin.video.sweflix" version="1.1.2" name="Sweflix" provider-name="digitaljesus">
    <requires>
        <import addon="xbmc.python" version="2.1.0" />
        <import addon="xbmc.json" version="6.0.0" />
        <import addon="script.module.beautifulsoup" version="3.2.0" />
        <import addon="plugin.video.youtube" version="3.1.0" />
    </requires>
    <extension point="xbmc.python.pluginsource" library="default.py">
        <provides>video</provides>
    </extension>
    <extension point="xbmc.addon.metadata">
        <language>en</language>
        <platform>all</platform>
        <summary lang="en">Streama filmer och serier
        </summary>
        <description lang="en">Streama filmer och serier i HD-kvalitet från SweFlix.com</description>
        <license>MIT</license>
        <website>https://github.com/digitaljesus/SweFlix-XBMC-Plugin</website>
    </extension>
</addon>